4_woman (112).JPG,3,4
4_men (54).JPG,5,4
3_men (157).JPG,4,3
5_woman (30).JPG,4,5
2_men (30).JPG,1,2
2_woman (129).JPG,4,2
5_men (91).JPG,4,5
2_woman (8).JPG,3,2
3_men (169).JPG,2,3
4_woman (68).JPG,3,4
3_men (106).JPG,4,3
5_men (70).JPG,3,5
2_men (41).JPG,1,2
2_men (172).JPG,3,2
2_woman (24).JPG,3,2
2_woman (93).JPG,1,2
2_woman (32).JPG,3,2
3_woman (93).JPG,4,3
2_men (81).JPG,3,2
4_men (45).JPG,3,4
3_men (130).JPG,2,3
3_men (136).JPG,3,4
2_woman (132).JPG,1,2
2_woman (92).JPG,3,2
5_woman (65).JPG,4,5
4_woman (92).JPG,3,4
1_men (81).JPG,2,1
1_woman (125).JPG,2,1
3_woman (103).JPG,1,3
2_men (177).JPG,3,2
2_men (161).JPG,3,2
4_woman (118).JPG,3,4
4_woman (78).JPG,0,4
3_woman (57).JPG,4,3
2_woman (112).JPG,3,2
4_men (76).JPG,3,4
4_men (159).JPG,3,4
3_men (61).JPG,2,3
2_men (42).JPG,1,2
5_men (117).JPG,4,5
3_woman (36).JPG,4,3
2_woman (65).JPG,3,2
2_woman (102).JPG,3,2
4_men (62).JPG,3,4
3_men (94).JPG,2,3
2_men (148).JPG,1,2
3_woman (53).JPG,5,3
4_woman (24).JPG,1,4
4_men (151).JPG,5,4
1_woman (104).JPG,2,1
2_men (18).JPG,3,2
4_woman (32).JPG,3,4
2_men (138).JPG,4,2
2_woman (46).JPG,3,2
2_woman (125).JPG,3,2
4_woman (116).JPG,3,4
